sequence_index,phase,local_normalized_time,mean_attention_weight,p05_attention_weight,p95_attention_weight
0,heating,0.0,0.0031938462,0.0020609720377251506,0.004645050689578056
1,heating,0.005025125628140704,0.002947848,0.002281359606422484,0.00368465983774513
2,heating,0.010050251256281407,0.0028917259,0.0023065284127369522,0.0037065173499286172
3,heating,0.01507537688442211,0.002919349,0.0022179972380399703,0.003964365227147937
4,heating,0.020100502512562814,0.002986007,0.0021251572761684656,0.004278621403500437
5,heating,0.02512562814070352,0.0030656918,0.0020721090724691747,0.004559278115630149
6,heating,0.03015075376884422,0.0031436295,0.0020371338818222285,0.004866920411586761
7,heating,0.035175879396984924,0.0032120636,0.002017610357142985,0.005120906606316565
8,heating,0.04020100502512563,0.0032676423,0.0020018801791593433,0.005270865652710199
9,heating,0.04522613065326633,0.003309747,0.001981884380802512,0.00546087841503322
10,heating,0.05025125628140704,0.0033392052,0.001978154992684722,0.005564506119117141
11,heating,0.05527638190954774,0.0033574956,0.0019619264407083393,0.005689152795821426
12,heating,0.06030150753768844,0.0033662647,0.0019467371050268412,0.005779181839898228
13,heating,0.06532663316582915,0.0033670415,0.0019313411554321648,0.005860939715057611
14,heating,0.07035175879396985,0.0033611378,0.0019141472992487251,0.005889647919684648
15,heating,0.07537688442211056,0.0033497424,0.0018988801166415215,0.00589724271558225
16,heating,0.08040201005025126,0.0033340415,0.0018870239262469112,0.005896876519545913
17,heating,0.08542713567839195,0.0033150485,0.0018705237191170454,0.005888670263811945
18,heating,0.09045226130653267,0.003293733,0.001864694256801158,0.005892058089375495
19,heating,0.09547738693467336,0.0032708796,0.0018636142718605696,0.005892389686778188
20,heating,0.10050251256281408,0.0032473262,0.0018600579467602074,0.005895101372152566
21,heating,0.10552763819095477,0.0032237212,0.0018568017985671759,0.005892050359398126
22,heating,0.11055276381909548,0.0032006924,0.0018490090849809348,0.005895952554419636
23,heating,0.11557788944723618,0.0031787348,0.0018475598539225758,0.005882607866078614
24,heating,0.12060301507537688,0.003158189,0.0018522531143389642,0.005856303172186016
25,heating,0.12562814070351758,0.003139324,0.0018444387358613312,0.005826206412166355
26,heating,0.1306532663316583,0.0031222792,0.0018499601865187287,0.005812107725068927
27,heating,0.135678391959799,0.0031072043,0.0018546335166320204,0.005770599702373146
28,heating,0.1407035175879397,0.003094151,0.0018601912073791028,0.005764239840209484
29,heating,0.1457286432160804,0.003083204,0.0018637512228451669,0.005713758245110509
30,heating,0.15075376884422112,0.003074341,0.0018653527600690722,0.005674146069213747
31,heating,0.15577889447236182,0.003067528,0.0018732710159383714,0.005620369175449013
32,heating,0.16080402010050251,0.0030626568,0.0018917774315923453,0.005569385504350063
33,heating,0.1658291457286432,0.0030596147,0.0019053241005167366,0.0055020488332957005
34,heating,0.1708542713567839,0.0030582554,0.0019127074163407087,0.005451077688485383
35,heating,0.17587939698492464,0.0030583553,0.001930676877964288,0.005421641096472739
36,heating,0.18090452261306533,0.003059798,0.0019389899098314345,0.005378982564434407
37,heating,0.18592964824120603,0.003062339,0.0019543427973985673,0.0053412146866321526
38,heating,0.19095477386934673,0.0030658527,0.001970197004266083,0.005303543200716375
39,heating,0.19597989949748745,0.0030702339,0.0019906151574105024,0.005239789374172687
40,heating,0.20100502512562815,0.0030753466,0.0020073528168722985,0.005159560637548565
41,heating,0.20603015075376885,0.0030810577,0.002022862806916237,0.005105772195383907
42,heating,0.21105527638190955,0.00308723,0.0020317914197221397,0.005052056116983293
43,heating,0.21608040201005024,0.0030937283,0.0020452311728149652,0.005005867080762982
44,heating,0.22110552763819097,0.0031004895,0.0020654981257393957,0.004974941443651914
45,heating,0.22613065326633167,0.0031073121,0.0020848823944106696,0.004945937078446149
46,heating,0.23115577889447236,0.0031141331,0.0021047715563327074,0.004906026925891638
47,heating,0.23618090452261306,0.0031208023,0.002113315975293517,0.00483404048718512
48,heating,0.24120603015075376,0.003127224,0.0021174466237425804,0.004790400620549916
49,heating,0.24623115577889448,0.0031333435,0.002130289818160236,0.0047326203435659395
50,heating,0.25125628140703515,0.003139115,0.0021439419128000737,0.004667349252849816
51,heating,0.2562814070351759,0.003144456,0.0021489302162081003,0.004612929886206984
52,heating,0.2613065326633166,0.003149354,0.0021554207894951107,0.004552217153832316
53,heating,0.2663316582914573,0.003153801,0.002156714419834316,0.004496946604922412
54,heating,0.271356783919598,0.0031578015,0.0021537911146879197,0.004472945909947156
55,heating,0.2763819095477387,0.0031613691,0.0021528249606490137,0.004407677566632624
56,heating,0.2814070351758794,0.0031645559,0.0021441199583932757,0.00436390936374664
57,heating,0.2864321608040201,0.003167357,0.0021421494195237754,0.00432205805554986
58,heating,0.2914572864321608,0.0031698588,0.0021322408923879267,0.004290390200912952
59,heating,0.2964824120603015,0.003172077,0.0021294008009135725,0.004263968858867883
60,heating,0.30150753768844224,0.0031740912,0.0021309179486706854,0.0042537692934274665
61,heating,0.3065326633165829,0.0031759257,0.002129184175282717,0.004242079146206379
62,heating,0.31155778894472363,0.0031776207,0.0021267335629090666,0.004203940043225884
63,heating,0.3165829145728643,0.0031791853,0.0021233129315078258,0.004192965384572744
64,heating,0.32160804020100503,0.0031806235,0.0021190511994063853,0.004191659903153777
65,heating,0.32663316582914576,0.0031819681,0.002110074134543538,0.004172029299661516
66,heating,0.3316582914572864,0.0031831826,0.0021042571635916827,0.004178020218387246
67,heating,0.33668341708542715,0.0031843006,0.0021111724665388463,0.004187935730442405
68,heating,0.3417085427135678,0.0031852967,0.002108293795026839,0.0041934636421501635
69,heating,0.34673366834170855,0.003186128,0.002106768125668168,0.004191928682848811
70,heating,0.35175879396984927,0.0031868592,0.0021115136332809925,0.0042121147736907
71,heating,0.35678391959798994,0.0031874022,0.002103971038013697,0.004206503601744771
72,heating,0.36180904522613067,0.0031878075,0.002098791464231908,0.004235649108886718
73,heating,0.36683417085427134,0.0031880275,0.002093412750400603,0.00424582208506763
74,heating,0.37185929648241206,0.0031880846,0.002095367992296815,0.0042661335319280624
75,heating,0.3768844221105528,0.0031879868,0.002096366975456476,0.00428001475520432
76,heating,0.38190954773869346,0.003187704,0.0021010465919971467,0.004300818964838982
77,heating,0.3869346733668342,0.0031872783,0.0021064982283860445,0.004321355698630213
78,heating,0.3919597989949749,0.0031866622,0.0021087417146191,0.004343396564945578
79,heating,0.3969849246231156,0.0031859097,0.002111168508417904,0.004370093299075961
80,heating,0.4020100502512563,0.003184971,0.002112226514145732,0.0043757854029536246
81,heating,0.40703517587939697,0.0031838831,0.002114814263768494,0.004385747574269771
82,heating,0.4120603015075377,0.0031826259,0.0021174978697672485,0.004394336743280291
83,heating,0.4170854271356784,0.0031811823,0.0021199805429205298,0.004403704777359962
84,heating,0.4221105527638191,0.0031795874,0.0021217366913333533,0.004419607855379581
85,heating,0.4271356783919598,0.0031778258,0.002123534423299134,0.004421742679551244
86,heating,0.4321608040201005,0.0031758768,0.002126187039539218,0.004418961424380541
87,heating,0.4371859296482412,0.003173775,0.0021276191575452684,0.004440896026790141
88,heating,0.44221105527638194,0.0031715007,0.0021310663549229504,0.004461055295541882
89,heating,0.4472361809045226,0.003169085,0.0021324985194951297,0.004466352518647909
90,heating,0.45226130653266333,0.0031665126,0.0021336372941732407,0.0044748873449862005
91,heating,0.457286432160804,0.0031637975,0.0021379329729825257,0.004464742820709943
92,heating,0.4623115577889447,0.0031609451,0.0021407805383205415,0.004470455180853605
93,heating,0.46733668341708545,0.0031579623,0.0021428318694233896,0.004476801026612519
94,heating,0.4723618090452261,0.0031548622,0.0021460210904479028,0.0044767966493964185
95,heating,0.47738693467336685,0.00315164,0.0021474189357832073,0.004467260418459773
96,heating,0.4824120603015075,0.0031483562,0.002149099111557007,0.004463634267449379
97,heating,0.48743718592964824,0.0031449879,0.002150229597464204,0.004460705071687698
98,heating,0.49246231155778897,0.0031415576,0.0021552432095631956,0.004459057934582233
99,heating,0.49748743718592964,0.0031380982,0.002164090727455914,0.004444891959428787
100,heating,0.5025125628140703,0.0031346148,0.002172926417551935,0.004428731370717287
101,heating,0.507537688442211,0.0031310937,0.002176725631579757,0.0044039462227374315
102,heating,0.5125628140703518,0.003127624,0.002177528664469719,0.004389136144891381
103,heating,0.5175879396984925,0.0031241244,0.0021806069649755954,0.004382629645988344
104,heating,0.5226130653266332,0.0031206724,0.002181028435006738,0.004362450214102863
105,heating,0.5276381909547738,0.0031172922,0.002181695867329836,0.004355624783784151
106,heating,0.5326633165829145,0.0031139224,0.0021835699677467345,0.004341960418969393
107,heating,0.5376884422110553,0.00311061,0.0021846199175342917,0.004325800016522408
108,heating,0.542713567839196,0.0031073908,0.002185062458738685,0.004302174551412463
109,heating,0.5477386934673367,0.0031042648,0.0021863806061446665,0.004273965768516063
110,heating,0.5527638190954774,0.0031011957,0.0021863082889467477,0.004260347876697778
111,heating,0.5577889447236181,0.0030982106,0.0021869468502700327,0.0042458367999643086
112,heating,0.5628140703517588,0.003095368,0.002187629113905132,0.00422525112517178
113,heating,0.5678391959798995,0.003092589,0.0021883514011278747,0.004200198594480752
114,heating,0.5728643216080402,0.0030899115,0.0021894101751968264,0.004175619082525371
115,heating,0.577889447236181,0.0030873748,0.002190423384308815,0.004162310436367988
116,heating,0.5829145728643216,0.0030848903,0.002190901874564588,0.004144065268337726
117,heating,0.5879396984924623,0.003082543,0.002191368886269629,0.004124126769602299
118,heating,0.592964824120603,0.003080294,0.0021923993714153766,0.004108040081337094
119,heating,0.5979899497487438,0.0030781943,0.0021928084781393407,0.004092281963676214
120,heating,0.6030150753768845,0.0030761876,0.0021933632204309108,0.004076978098601102
121,heating,0.6080402010050251,0.0030742884,0.002193811186589301,0.0040610887110233305
122,heating,0.6130653266331658,0.0030725482,0.002194696804508567,0.004041171399876475
123,heating,0.6180904522613065,0.0030708762,0.002195097296498716,0.004021516535431147
124,heating,0.6231155778894473,0.0030693144,0.002195233874954283,0.003998839529231191
125,heating,0.628140703517588,0.0030678622,0.002196093904785812,0.003977255849167705
126,heating,0.6331658291457286,0.0030665472,0.0021967676235362887,0.003958395216614008
127,heating,0.6381909547738693,0.0030652971,0.002197030675597489,0.003952282667160034
128,heating,0.6432160804020101,0.0030641486,0.0021974735194817186,0.003940895525738597
129,heating,0.6482412060301508,0.0030631297,0.0021983219077810643,0.003924886137247086
130,heating,0.6532663316582915,0.0030621686,0.002198863448575139,0.003913298575207591
131,heating,0.6582914572864321,0.003061328,0.0021995092742145062,0.003908355068415403
132,heating,0.6633165829145728,0.003060588,0.002199947345070541,0.0039054892724379895
133,heating,0.6683417085427136,0.0030599928,0.0022005162667483092,0.0038951591588556765
134,heating,0.6733668341708543,0.0030594794,0.002201035595498979,0.0038807784439995885
135,heating,0.678391959798995,0.0030590687,0.0022018061950802802,0.0038810579571872945
136,heating,0.6834170854271356,0.0030587916,0.0022022700402885677,0.0038821566849946976
137,heating,0.6884422110552764,0.0030585951,0.002202666760422289,0.003878403827548027
138,heating,0.6934673366834171,0.0030585374,0.002203514357097447,0.0038774187909439207
139,heating,0.6984924623115578,0.0030586135,0.0022039428818970918,0.0038717834977433085
140,heating,0.7035175879396985,0.0030587637,0.0022047886624932287,0.0038691240362823008
141,heating,0.7085427135678392,0.0030590233,0.0022052801912650468,0.00386760039255023
142,heating,0.7135678391959799,0.003059387,0.002205760939978063,0.0038711387664079667
143,heating,0.7185929648241206,0.0030598738,0.002206516801379621,0.0038711369270458813
144,heating,0.7236180904522613,0.003060423,0.002206970122642815,0.0038735924288630487
145,heating,0.7286432160804021,0.003061068,0.002207561768591404,0.003878681897185743
146,heating,0.7336683417085427,0.0030618338,0.002208318351767957,0.003882904932834208
147,heating,0.7386934673366834,0.0030626247,0.0022086439421400428,0.0038861708482727407
148,heating,0.7437185929648241,0.003063496,0.0022095041582360863,0.0038918759673833847
149,heating,0.7487437185929648,0.0030644424,0.0022106281016021968,0.0038975409464910627
150,heating,0.7537688442211056,0.003065441,0.0022108048666268586,0.0038979907752946016
151,heating,0.7587939698492463,0.0030664694,0.0022116793552413583,0.003893445269204676
152,heating,0.7638190954773869,0.0030675395,0.002212019544094801,0.0038984056562185285
153,heating,0.7688442211055276,0.003068663,0.002212573098950088,0.0039031741907820106
154,heating,0.7738693467336684,0.003069777,0.0022130110301077366,0.003907341696321964
155,heating,0.7788944723618091,0.0030709004,0.0022136982996016743,0.003911869460716843
156,heating,0.7839195979899498,0.0030720218,0.0022143959999084474,0.003915886115282773
157,heating,0.7889447236180904,0.0030731931,0.0022151312790811063,0.003919511055573821
158,heating,0.7939698492462312,0.003074324,0.0022157010156661273,0.003921718662604689
159,heating,0.7989949748743719,0.003075454,0.0022165918024256827,0.0039271573536098
160,heating,0.8040201005025126,0.003076592,0.0022169288946315645,0.003933795634657144
161,heating,0.8090452261306533,0.00307768,0.002217434998601675,0.003938350640237331
162,heating,0.8140703517587939,0.0030787678,0.0022180616622790696,0.003942835563793779
163,heating,0.8190954773869347,0.0030798323,0.0022188622038811444,0.003944998560473323
164,heating,0.8241206030150754,0.003080859,0.002219697111286223,0.003945611603558064
165,heating,0.8291457286432161,0.003081843,0.0022199278930202125,0.003946775989606977
166,heating,0.8341708542713568,0.0030827967,0.0022210412425920367,0.003947276063263416
167,heating,0.8391959798994975,0.0030837315,0.002221395471133292,0.003948227828368544
168,heating,0.8442211055276382,0.0030846084,0.0022219144506379963,0.003949026297777891
169,heating,0.8492462311557789,0.003085429,0.0022225667024031283,0.0039493032731115815
170,heating,0.8542713567839196,0.0030862552,0.0022231629118323326,0.0039510670583695175
171,heating,0.8592964824120604,0.003087008,0.0022239381680265067,0.003951573465019465
172,heating,0.864321608040201,0.0030877297,0.002224686206318438,0.003952357452362776
173,heating,0.8693467336683417,0.0030884075,0.002225374314002693,0.00395276970230043
174,heating,0.8743718592964824,0.003089113,0.0022260162280872465,0.003953871876001358
175,heating,0.8793969849246231,0.00308974,0.002226774813607335,0.003955162595957518
176,heating,0.8844221105527639,0.003090355,0.0022270251996815205,0.003956344118341803
177,heating,0.8894472361809045,0.0030909753,0.0022275488823652267,0.003957096766680479
178,heating,0.8944723618090452,0.0030915602,0.002228475851006806,0.003957102121785283
179,heating,0.8994974874371859,0.0030921327,0.002229030686430633,0.003957421611994505
180,heating,0.9045226130653267,0.0030926943,0.002229528734460473,0.0039580003824084995
181,heating,0.9095477386934674,0.0030932722,0.0022303601261228325,0.00395891354419291
182,heating,0.914572864321608,0.0030938191,0.002230873960070312,0.003959178039804101
183,heating,0.9195979899497487,0.0030943826,0.0022315002512186765,0.003959777858108282
184,heating,0.9246231155778895,0.003094958,0.0022316829301416872,0.003960566036403179
185,heating,0.9296482412060302,0.0030954822,0.0022325451718643308,0.003961329534649849
186,heating,0.9346733668341709,0.0030960222,0.0022330038947984574,0.003962416667491198
187,heating,0.9396984924623115,0.0030965838,0.0022338850190863012,0.00396255599334836
188,heating,0.9447236180904522,0.0030971172,0.0022341608302667735,0.003963876562193036
189,heating,0.949748743718593,0.003097666,0.002234764886088669,0.003964163269847632
190,heating,0.9547738693467337,0.0030981926,0.00223501471336931,0.00396479507908225
191,heating,0.9597989949748744,0.0030987565,0.0022356365108862518,0.003964985255151987
192,heating,0.964824120603015,0.0030992837,0.0022363382391631602,0.003965449659153819
193,heating,0.9698492462311558,0.003099809,0.002236953587271273,0.0039664234034717085
194,heating,0.9748743718592965,0.0031003526,0.0022374775260686876,0.0039670899976044895
195,heating,0.9798994974874372,0.0031008841,0.002238075342029333,0.003967817313969136
196,heating,0.9849246231155779,0.0031014222,0.002238456788472831,0.0039681393653154375
197,heating,0.9899497487437187,0.0031019456,0.0022391803562641145,0.0039684796705842015
198,heating,0.9949748743718593,0.003102512,0.0022395234322175384,0.003968769731000066
199,heating,1.0,0.0031030397,0.0022402175702154635,0.003969543660059571
200,cooling,0.0,0.0025159256,0.0021116586634889246,0.0028590794187039136
201,cooling,0.005025125628140704,0.0021439148,0.0016716941259801387,0.0025306623661890625
202,cooling,0.010050251256281407,0.0019942913,0.001407176733482629,0.002465675165876745
203,cooling,0.01507537688442211,0.0019237013,0.00127188079059124,0.002459413255564868
204,cooling,0.020100502512562814,0.0018862741,0.0011772841797210276,0.002477799914777279
205,cooling,0.02512562814070352,0.0018543408,0.0011246472597122193,0.0024675863096490502
206,cooling,0.03015075376884422,0.001816423,0.001075248036067933,0.0024331470718607306
207,cooling,0.035175879396984924,0.0017701671,0.0010234200861304998,0.002379851089790463
208,cooling,0.04020100502512563,0.0017173875,0.0009845358785241843,0.002315624663606286
209,cooling,0.04522613065326633,0.0016613663,0.0009520086692646146,0.002235227217897773
210,cooling,0.05025125628140704,0.0016053978,0.0009245678375009447,0.0021662527229636907
211,cooling,0.05527638190954774,0.0015519683,0.0008947914000600576,0.0021077263401821254
212,cooling,0.06030150753768844,0.001502573,0.0008736166288144887,0.0020429176278412343
213,cooling,0.06532663316582915,0.001457771,0.0008512192987836898,0.0019915545126423235
214,cooling,0.07035175879396985,0.0014175841,0.000829292624257505,0.001949623308610171
215,cooling,0.07537688442211056,0.0013817957,0.0008078490733169019,0.0019054556381888686
216,cooling,0.08040201005025126,0.0013501948,0.0007905005069915206,0.0018640443915501237
217,cooling,0.08542713567839195,0.001322635,0.0007735400227829814,0.0018245594576001166
218,cooling,0.09045226130653267,0.0012990294,0.0007597815420012921,0.0017910672700963914
219,cooling,0.09547738693467336,0.0012792492,0.0007425212126690895,0.0017623438034206627
220,cooling,0.10050251256281408,0.0012631738,0.0007299911289010197,0.0017391806002706289
221,cooling,0.10552763819095477,0.0012506342,0.0007174109399784356,0.0017185817472636698
222,cooling,0.11055276381909548,0.0012414892,0.000707047589821741,0.0016934455372393132
223,cooling,0.11557788944723618,0.0012355535,0.0006983374245464802,0.001674531423486769
224,cooling,0.12060301507537688,0.0012326791,0.0006945580302271992,0.0016728571848943828
225,cooling,0.12562814070351758,0.0012326797,0.0006908647483214736,0.001669413410127163
226,cooling,0.1306532663316583,0.0012353355,0.0006895518163219094,0.001673777587711811
227,cooling,0.135678391959799,0.0012404345,0.0006891731405630708,0.0016848948900587857
228,cooling,0.1407035175879397,0.0012477335,0.0006910407857503742,0.001707074465230107
229,cooling,0.1457286432160804,0.0012569696,0.0006933305761776864,0.0017403220641426741
230,cooling,0.15075376884422112,0.0012678826,0.0006935797398909926,0.0017740123206749557
231,cooling,0.15577889447236182,0.0012802153,0.0006942331441678107,0.001809438900090754
232,cooling,0.16080402010050251,0.0012937109,0.0006937354046385735,0.0018494039424695075
233,cooling,0.1658291457286432,0.0013081331,0.0006983717496041209,0.001887710008304566
234,cooling,0.1708542713567839,0.0013232618,0.0007056360191199929,0.001927669602446258
235,cooling,0.17587939698492464,0.0013388987,0.000705422303872183,0.0019636513898149133
236,cooling,0.18090452261306533,0.0013548943,0.0007084911980200559,0.002002476342022419
237,cooling,0.18592964824120603,0.0013710879,0.0007115276297554374,0.0020399376517161727
238,cooling,0.19095477386934673,0.0013873744,0.0007163805072195828,0.002075917366892099
239,cooling,0.19597989949748745,0.0014036463,0.0007193231314886362,0.0021091902861371634
240,cooling,0.20100502512562815,0.0014198197,0.0007238163321744651,0.0021383668994531036
241,cooling,0.20603015075376885,0.0014358314,0.0007283527462277562,0.0021676868200302124
242,cooling,0.21105527638190955,0.0014516229,0.0007334661320783199,0.0021919408347457646
243,cooling,0.21608040201005024,0.0014671481,0.0007339620089624078,0.002217342425137758
244,cooling,0.22110552763819097,0.0014823601,0.0007381556672044099,0.002244187379255891
245,cooling,0.22613065326633167,0.0014972168,0.0007428010052535683,0.0022699130466207864
246,cooling,0.23115577889447236,0.0015116944,0.0007479261024855077,0.0022948852041736246
247,cooling,0.23618090452261306,0.0015257563,0.0007503345084842294,0.0023194762878119943
248,cooling,0.24120603015075376,0.0015393952,0.0007544934516772628,0.0023437922820448874
249,cooling,0.24623115577889448,0.0015526026,0.0007598615193273872,0.002368251048028469
250,cooling,0.25125628140703515,0.0015653525,0.0007647258054930717,0.0023920977022498847
251,cooling,0.2562814070351759,0.0015776596,0.0007690922298934311,0.0024158399552106856
252,cooling,0.2613065326633166,0.0015895327,0.000771698437165469,0.0024313149740919464
253,cooling,0.2663316582914573,0.0016009768,0.0007732063008006662,0.002449545939452946
254,cooling,0.271356783919598,0.0016120045,0.0007771321572363377,0.002470548846758902
255,cooling,0.2763819095477387,0.0016226394,0.0007816340017598123,0.0024853868642821905
256,cooling,0.2814070351758794,0.0016329071,0.0007858693541493267,0.002500818786211312
257,cooling,0.2864321608040201,0.0016428209,0.0007886741892434657,0.0025175263872370124
258,cooling,0.2914572864321608,0.0016524033,0.000791504536755383,0.0025338370352983473
259,cooling,0.2964824120603015,0.001661686,0.0007942615542560816,0.002549238922074437
260,cooling,0.30150753768844224,0.0016706964,0.0007975065265782178,0.002564023993909359
261,cooling,0.3065326633165829,0.0016794272,0.0008004918810911477,0.0025782851269468663
262,cooling,0.31155778894472363,0.0016879343,0.000802506465697661,0.002590935258194804
263,cooling,0.3165829145728643,0.0016962067,0.0008051165379583836,0.0026087561855092645
264,cooling,0.32160804020100503,0.0017042863,0.0008081312174908817,0.0026242524152621624
265,cooling,0.32663316582914576,0.0017121773,0.0008107456495054067,0.0026363884098827835
266,cooling,0.3316582914572864,0.0017198956,0.0008129370980896056,0.002649493305943906
267,cooling,0.33668341708542715,0.0017274576,0.0008150977722834795,0.0026625720784068103
268,cooling,0.3417085427135678,0.0017348835,0.000817673426354304,0.0026718035573139783
269,cooling,0.34673366834170855,0.0017421937,0.0008205345890019089,0.002688465151004493
270,cooling,0.35175879396984927,0.001749394,0.0008236310037318617,0.0027060272172093392
271,cooling,0.35678391959798994,0.0017565055,0.0008266469812951982,0.0027151006972417234
272,cooling,0.36180904522613067,0.0017635339,0.0008291394624393433,0.0027304684743285177
273,cooling,0.36683417085427134,0.001770495,0.000830615742597729,0.0027395999524742363
274,cooling,0.37185929648241206,0.0017774012,0.0008327330695465207,0.0027528264094144107
275,cooling,0.3768844221105528,0.0017842515,0.0008350787218660116,0.002762137260288
276,cooling,0.38190954773869346,0.0017910551,0.0008369590970687569,0.0027715566335245966
277,cooling,0.3869346733668342,0.0017978189,0.0008394730277359486,0.0027802048018202184
278,cooling,0.3919597989949749,0.0018045562,0.0008413787698373199,0.0027922244509682058
279,cooling,0.3969849246231156,0.0018112388,0.000842689600540325,0.00280593188945204
280,cooling,0.4020100502512563,0.0018178964,0.0008440634817816318,0.0028134725056588646
281,cooling,0.40703517587939697,0.0018245258,0.0008453787304461002,0.002834485308267176
282,cooling,0.4120603015075377,0.0018311072,0.0008471168985124677,0.002845611074008047
283,cooling,0.4170854271356784,0.0018376663,0.000848773936741054,0.002859822264872491
284,cooling,0.4221105527638191,0.0018441865,0.0008515643770806491,0.00286753938999027
285,cooling,0.4271356783919598,0.0018506786,0.0008529214246664196,0.00287826347630471
286,cooling,0.4321608040201005,0.0018571353,0.0008544674783479422,0.0028850407572463153
287,cooling,0.4371859296482412,0.0018635589,0.0008559556328691543,0.0028958869166672225
288,cooling,0.44221105527638194,0.0018699677,0.0008576229738537222,0.0029052282217890022
289,cooling,0.4472361809045226,0.001876336,0.0008591104007791728,0.002922424138523638
290,cooling,0.45226130653266333,0.0018826884,0.000860797701170668,0.0029338755179196597
291,cooling,0.457286432160804,0.0018890058,0.0008624962065368891,0.0029368380783125754
292,cooling,0.4623115577889447,0.0018952864,0.0008652237593196332,0.0029424472944810983
293,cooling,0.46733668341708545,0.0019015586,0.000867537222802639,0.0029541195370256903
294,cooling,0.4723618090452261,0.0019077909,0.000869326910469681,0.002962699392810463
295,cooling,0.47738693467336685,0.0019139996,0.0008712261565960944,0.0029789175139740107
296,cooling,0.4824120603015075,0.0019201672,0.000873198511544615,0.002989508747123182
297,cooling,0.48743718592964824,0.0019262986,0.0008753019676078111,0.002995300129987299
298,cooling,0.49246231155778897,0.0019323906,0.0008776050060987472,0.003002083976753056
299,cooling,0.49748743718592964,0.0019384362,0.0008815234992653132,0.0030087630730122323
300,cooling,0.5025125628140703,0.0019444373,0.0008839297050144523,0.00301778360735625
301,cooling,0.507537688442211,0.0019503894,0.0008863894443493336,0.003023941069841385
302,cooling,0.5125628140703518,0.001956271,0.0008888384967576712,0.00302947002928704
303,cooling,0.5175879396984925,0.0019621088,0.0008913497382309288,0.00303911380469799
304,cooling,0.5226130653266332,0.001967894,0.000893889059079811,0.0030449148500338195
305,cooling,0.5276381909547738,0.0019735834,0.0008960889768786729,0.0030590492766350503
306,cooling,0.5326633165829145,0.001979231,0.0008989180263597518,0.003070862940512597
307,cooling,0.5376884422110553,0.0019848158,0.0009006521373521537,0.0030803400091826915
308,cooling,0.542713567839196,0.0019903362,0.0009026533633004874,0.0030911842361092566
309,cooling,0.5477386934673367,0.0019957453,0.0009044339472893626,0.0030991107923910013
310,cooling,0.5527638190954774,0.0020011023,0.0009061715332791209,0.0031125619076192374
311,cooling,0.5577889447236181,0.0020063762,0.0009078722505364567,0.003118449123576283
312,cooling,0.5628140703517588,0.0020115678,0.000909623026382178,0.0031242775730788703
313,cooling,0.5678391959798995,0.0020166843,0.0009112735278904438,0.003129536611959338
314,cooling,0.5728643216080402,0.0020217248,0.0009129169920925051,0.0031372031429782498
315,cooling,0.577889447236181,0.002026658,0.0009147404867690057,0.003145782393403351
316,cooling,0.5829145728643216,0.002031536,0.0009177071915473789,0.003153912676498294
317,cooling,0.5879396984924623,0.0020363263,0.000920059741474688,0.003162937494926154
318,cooling,0.592964824120603,0.0020410505,0.0009216601320076734,0.0031750076217576862
319,cooling,0.5979899497487438,0.0020456433,0.0009233922755811363,0.003182584210298955
320,cooling,0.6030150753768845,0.0020501881,0.0009249840048141778,0.003188992501236498
321,cooling,0.6080402010050251,0.002054651,0.0009266150707844645,0.0031982258427888147
322,cooling,0.6130653266331658,0.002059002,0.0009283294260967523,0.0032037561992183322
323,cooling,0.6180904522613065,0.0020633035,0.0009303138067480177,0.003213910339400172
324,cooling,0.6231155778894473,0.0020675205,0.0009329858003184199,0.003218442108482122
325,cooling,0.628140703517588,0.0020716644,0.0009359515854157508,0.0032279965933412315
326,cooling,0.6331658291457286,0.0020756905,0.0009387560770846903,0.003232439840212464
327,cooling,0.6381909547738693,0.0020796768,0.0009412768122274429,0.003239272185601294
328,cooling,0.6432160804020101,0.0020835756,0.0009431257785763592,0.0032473738538101315
329,cooling,0.6482412060301508,0.0020873747,0.000944907043594867,0.0032525672344490882
330,cooling,0.6532663316582915,0.002091129,0.0009467135067097842,0.0032571671763435
331,cooling,0.6582914572864321,0.0020948057,0.0009484592883381993,0.0032613086979836215
332,cooling,0.6633165829145728,0.002098412,0.000949484365992248,0.0032706286525353784
333,cooling,0.6683417085427136,0.0021019313,0.0009501579334028065,0.0032799937296658747
334,cooling,0.6733668341708543,0.0021053997,0.0009509434632491321,0.0032871132716536518
335,cooling,0.678391959798995,0.002108798,0.0009516073041595519,0.003296475973911583
336,cooling,0.6834170854271356,0.0021121132,0.0009522556618321687,0.003305625868961215
337,cooling,0.6884422110552764,0.0021153765,0.0009529505390673876,0.0033108193660154935
338,cooling,0.6934673366834171,0.0021185824,0.0009536157886032015,0.0033159416401758787
339,cooling,0.6984924623115578,0.0021217016,0.0009545471461024135,0.003320648265071213
340,cooling,0.7035175879396985,0.0021247866,0.0009560395090375095,0.0033274234505370256
341,cooling,0.7085427135678392,0.0021278027,0.0009576636715792119,0.0033350598998367785
342,cooling,0.7135678391959799,0.002130762,0.0009592122049070894,0.003338827495463192
343,cooling,0.7185929648241206,0.0021336414,0.0009609772590920329,0.003340875031426549
344,cooling,0.7236180904522613,0.0021364812,0.0009628537925891578,0.0033427324146032334
345,cooling,0.7286432160804021,0.0021392633,0.0009648527135141194,0.0033466260880231856
346,cooling,0.7336683417085427,0.002141967,0.0009668825834523887,0.0033524746540933847
347,cooling,0.7386934673366834,0.002144635,0.0009694827371276915,0.0033597288420423865
348,cooling,0.7437185929648241,0.0021472655,0.0009723392431624234,0.0033671281766146422
349,cooling,0.7487437185929648,0.0021498352,0.0009751300560310483,0.0033736341167241333
350,cooling,0.7537688442211056,0.0021523172,0.0009768792893737554,0.0033782207174226637
351,cooling,0.7587939698492463,0.0021547822,0.0009784326422959567,0.003383521735668182
352,cooling,0.7638190954773869,0.0021571864,0.0009797044680453838,0.0033891302766278384
353,cooling,0.7688442211055276,0.0021595177,0.0009813598007895052,0.003397510130889714
354,cooling,0.7738693467336684,0.0021618253,0.000982315989676863,0.0034038470592349765
355,cooling,0.7788944723618091,0.0021640859,0.0009834911092184485,0.003409213782288134
356,cooling,0.7839195979899498,0.0021662991,0.0009847361710853876,0.0034106963081285357
357,cooling,0.7889447236180904,0.0021684323,0.0009862324339337647,0.0034139996627345678
358,cooling,0.7939698492462312,0.0021705427,0.0009878252283670008,0.0034187636571004986
359,cooling,0.7989949748743719,0.0021726133,0.0009893121547065674,0.0034236725186929107
360,cooling,0.8040201005025126,0.002174599,0.0009907419327646494,0.0034269920317456124
361,cooling,0.8090452261306533,0.0021765737,0.0009917342220433056,0.003429323458112776
362,cooling,0.8140703517587939,0.0021784944,0.0009925056830979884,0.0034296533791348333
363,cooling,0.8190954773869347,0.002180356,0.000993240182287991,0.0034353095572441815
364,cooling,0.8241206030150754,0.0021821926,0.0009939567418769002,0.0034365919185802337
365,cooling,0.8291457286432161,0.0021839938,0.000994785886723548,0.003437065123580396
366,cooling,0.8341708542713568,0.0021857498,0.0009966180077753961,0.0034379634074866773
367,cooling,0.8391959798994975,0.0021874257,0.0009988486766815186,0.0034381826175376774
368,cooling,0.8442211055276382,0.0021890982,0.0010012422921136022,0.0034389703534543513
369,cooling,0.8492462311557789,0.002190725,0.0010027780779637396,0.0034411686239764093
370,cooling,0.8542713567839196,0.002192274,0.0010040036635473371,0.003448222321458161
371,cooling,0.8592964824120604,0.0021938235,0.001005216524936259,0.003453795937821269
372,cooling,0.864321608040201,0.0021953322,0.0010063704568892718,0.003457046579569578
373,cooling,0.8693467336683417,0.0021968016,0.0010074867284856736,0.0034588706679642197
374,cooling,0.8743718592964824,0.0021982042,0.0010077949962578713,0.0034619471058249473
375,cooling,0.8793969849246231,0.002199595,0.0010082187014631926,0.003463922557421028
376,cooling,0.8844221105527639,0.0022009476,0.0010085025103762745,0.0034683790756389493
377,cooling,0.8894472361809045,0.002202236,0.0010088244103826582,0.0034733256557956337
378,cooling,0.8944723618090452,0.0022035288,0.0010092096985317768,0.003477172227576375
379,cooling,0.8994974874371859,0.0022047698,0.0010095220757648348,0.003477919450961053
380,cooling,0.9045226130653267,0.0022059977,0.0010105248540639878,0.0034801258938387037
381,cooling,0.9095477386934674,0.002207151,0.001011475478298962,0.0034810052486136554
382,cooling,0.914572864321608,0.0022082962,0.0010122798033989967,0.003481028159148991
383,cooling,0.9195979899497487,0.002209413,0.0010129828471690417,0.0034811180084943767
384,cooling,0.9246231155778895,0.002210466,0.0010131638031452895,0.0034809606615453952
385,cooling,0.9296482412060302,0.002211524,0.00101347187301144,0.0034809998702257866
386,cooling,0.9346733668341709,0.0022125451,0.0010146928369067609,0.0034808905562385907
387,cooling,0.9396984924623115,0.0022135112,0.0010166611871682107,0.0034825254697352643
388,cooling,0.9447236180904522,0.0022144716,0.0010175714502111076,0.00348422210663557
389,cooling,0.949748743718593,0.0022154162,0.0010184446000494063,0.003485925705172121
390,cooling,0.9547738693467337,0.002216332,0.001019117864780128,0.003487278101965785
391,cooling,0.9597989949748744,0.0022171815,0.001019899279344827,0.003487965161912143
392,cooling,0.964824120603015,0.0022180304,0.0010205979458987712,0.0034900099504739045
393,cooling,0.9698492462311558,0.002218871,0.0010214604553766549,0.0034892653115093705
394,cooling,0.9748743718592965,0.0022196455,0.0010222287732176484,0.0034890058450400825
395,cooling,0.9798994974874372,0.0022204246,0.0010228773811832071,0.0034884409513324492
396,cooling,0.9849246231155779,0.0022211818,0.0010234492365270853,0.003488637576811015
397,cooling,0.9899497487437187,0.002221918,0.0010238663177005948,0.003490288532339036
398,cooling,0.9949748743718593,0.0022226023,0.001024348009377718,0.003491805307567119
399,cooling,1.0,0.0022232793,0.0010247742873616516,0.0034930227790027856
