protocol,protocol_label,seed,distance_quartile,cases,nearest_distance_min,nearest_distance_mean,nearest_distance_median,nearest_distance_max,temperature_RMSE_C_mean,direct_absolute_logF_error_mean,trajectory_absolute_logF_error_mean,direct_absolute_F_error_mean_min,trajectory_absolute_F_error_mean_min,retention_absolute_error_mean,false_safe_rate,false_unsafe_rate
random_interpolation,Random interpolation,17,4,395,0.0815154321519713,0.09348142771114537,0.09127392162743267,0.13637475337927213,0.6512814,0.0041737314,0.004416721,0.9300911,1.1277074,0.00027396544,0.0,0.0
random_interpolation,Random interpolation,17,2,395,0.05414005957828,0.061710514580873135,0.06201404695996443,0.0681996303670825,0.5533983,0.0042257463,0.004490589,0.72767544,0.89448166,0.00024758352,0.0,0.0
random_interpolation,Random interpolation,17,1,394,0.004331321954456725,0.04302729969367017,0.04551773086615759,0.054119508232665786,0.6762649,0.0040878076,0.004471715,0.8960748,1.0562911,0.0002533494,0.0,0.005076142131979695
random_interpolation,Random interpolation,17,3,395,0.06820364224770101,0.07414075036189438,0.07364478137952085,0.08143586814130181,0.5915642,0.004163425,0.0044579315,0.7524573,0.9198848,0.00023665489,0.0,0.007594936708860759
random_interpolation,Random interpolation,42,4,395,0.0815154321519713,0.09348142771114537,0.09127392162743267,0.13637475337927213,0.55637646,0.0039446154,0.004080835,0.87931335,1.0090991,0.0002583045,0.0,0.0
random_interpolation,Random interpolation,42,2,395,0.05414005957828,0.061710514580873135,0.06201404695996443,0.0681996303670825,0.44840765,0.004208879,0.0042986833,0.7829408,0.8554285,0.0002570448,0.0,0.0
random_interpolation,Random interpolation,42,1,394,0.004331321954456725,0.04302729969367017,0.04551773086615759,0.054119508232665786,0.5942005,0.003898089,0.0040469803,0.8647953,0.9158431,0.0002655915,0.0,0.0025380710659898475
random_interpolation,Random interpolation,42,3,395,0.06820364224770101,0.07414075036189438,0.07364478137952085,0.08143586814130181,0.48747575,0.004028644,0.004220395,0.7509779,0.7804938,0.00023802549,0.0,0.005063291139240506
retort_temperature_band,Withheld temperature band,17,2,547,0.08794238156289419,0.09801414409658013,0.09808462717675652,0.10747803556622158,0.7298875,0.004866168,0.00541879,0.5084537,0.6360718,0.00032286637,0.0,0.0
retort_temperature_band,Withheld temperature band,17,3,547,0.10747842666251645,0.11692985818981139,0.11697430353281073,0.12637264689667974,0.6911093,0.005155337,0.0056900904,0.54997385,0.66972256,0.0003577814,0.0,0.0
retort_temperature_band,Withheld temperature band,17,1,547,0.023837892293850815,0.07110561383966765,0.07399736402903183,0.08783688370026102,0.6574052,0.0044262437,0.00537303,0.4672346,0.61775553,0.00029283087,0.0,0.0
retort_temperature_band,Withheld temperature band,17,4,548,0.12640956636232067,0.1401033968453004,0.1374076783152819,0.18950912044472087,0.7522492,0.005345628,0.0060577164,0.54590636,0.6590553,0.0003799433,0.0,0.0
retort_temperature_band,Withheld temperature band,42,2,547,0.08794238156289419,0.09801414409658013,0.09808462717675652,0.10747803556622158,0.72208714,0.0040465514,0.0044352566,0.4149551,0.46903536,0.00032930062,0.0,0.0
retort_temperature_band,Withheld temperature band,42,3,547,0.10747842666251645,0.11692985818981139,0.11697430353281073,0.12637264689667974,0.6839151,0.004404788,0.004864398,0.4476708,0.5189076,0.00034427588,0.0,0.0
retort_temperature_band,Withheld temperature band,42,1,547,0.023837892293850815,0.07110561383966765,0.07399736402903183,0.08783688370026102,0.69118077,0.0039109103,0.0043215174,0.39431015,0.44959506,0.00031230034,0.0,0.0
retort_temperature_band,Withheld temperature band,42,4,548,0.12640956636232067,0.1401033968453004,0.1374076783152819,0.18950912044472087,0.7329302,0.0045822407,0.0051780376,0.46138662,0.5376594,0.00037483446,0.0,0.0
high_temperature_short_heating_corner,Withheld high-T/short-time corner,17,3,110,0.1185215645563566,0.13264898011626194,0.13329321354780413,0.14825040958988195,0.46471572,0.0076758354,0.0077658384,1.7409168,1.7479368,0.0003970168,0.0,0.0
high_temperature_short_heating_corner,Withheld high-T/short-time corner,17,2,110,0.09063202750163787,0.10357014447222083,0.10323118845582165,0.11787149764283135,0.44568092,0.006120904,0.00642845,1.5163276,1.6233208,0.00039081843,0.0,0.0
high_temperature_short_heating_corner,Withheld high-T/short-time corner,17,1,110,0.02792583996605665,0.07181722692232415,0.07587553786074622,0.09050474190291657,0.43079653,0.005359003,0.0056359516,1.2538077,1.3208628,0.00032900355,0.0,0.0
high_temperature_short_heating_corner,Withheld high-T/short-time corner,17,4,111,0.14826523541545747,0.1736028634638762,0.17103716514263728,0.2363411952604296,0.58694583,0.009961368,0.009545338,2.1725755,1.9916586,0.0004584451,0.0,0.0
high_temperature_short_heating_corner,Withheld high-T/short-time corner,42,3,110,0.1185215645563566,0.13264898011626194,0.13329321354780413,0.14825040958988195,0.54951614,0.0066790236,0.007438782,1.4079953,1.5973423,0.0004269638,0.0,0.0
high_temperature_short_heating_corner,Withheld high-T/short-time corner,42,2,110,0.09063202750163787,0.10357014447222083,0.10323118845582165,0.11787149764283135,0.51771283,0.0059642913,0.0062711933,1.3680717,1.5234897,0.000442118,0.0,0.0
high_temperature_short_heating_corner,Withheld high-T/short-time corner,42,1,110,0.02792583996605665,0.07181722692232415,0.07587553786074622,0.09050474190291657,0.48780426,0.0053860988,0.005902647,1.1814195,1.3633448,0.00033299488,0.0,0.0
high_temperature_short_heating_corner,Withheld high-T/short-time corner,42,4,111,0.14826523541545747,0.1736028634638762,0.17103716514263728,0.2363411952604296,0.7257977,0.007493192,0.010727845,1.5422075,1.9764916,0.00060610083,0.0,0.0
domain_boundary_shell,Withheld domain boundaries,17,2,927,0.07658587177638598,0.08582926242816982,0.08598739863954961,0.09402059820166099,0.7374323,0.0057761967,0.006257756,1.3119175,1.858736,0.00039066735,0.003236245954692557,0.0
domain_boundary_shell,Withheld domain boundaries,17,1,926,0.017135844833252634,0.06305250693427217,0.06579872033622763,0.07658298494085575,0.6508428,0.0054864725,0.005913083,1.1431999,1.5841175,0.00034232935,0.0021598272138228943,0.0
domain_boundary_shell,Withheld domain boundaries,17,3,927,0.0940327527785207,0.10220056681377424,0.10170208629143697,0.11148027310092197,0.7443521,0.0068858154,0.006959899,1.7760819,2.5867863,0.000498202,0.002157497303128371,0.0
domain_boundary_shell,Withheld domain boundaries,17,4,927,0.11148078292282916,0.13002199912338802,0.12510675662902668,0.22773554797180148,0.781476,0.009962331,0.009620059,2.5334368,3.8775113,0.0006745862,0.0,0.0
domain_boundary_shell,Withheld domain boundaries,42,2,927,0.07658587177638598,0.08582926242816982,0.08598739863954961,0.09402059820166099,0.6995926,0.005591561,0.005482999,1.2095155,1.4136325,0.00039335337,0.002157497303128371,0.0
domain_boundary_shell,Withheld domain boundaries,42,1,926,0.017135844833252634,0.06305250693427217,0.06579872033622763,0.07658298494085575,0.6297531,0.005253428,0.005347335,1.1455528,1.279939,0.00034433205,0.0021598272138228943,0.0
domain_boundary_shell,Withheld domain boundaries,42,3,927,0.0940327527785207,0.10220056681377424,0.10170208629143697,0.11148027310092197,0.71150327,0.0067834994,0.006356141,1.7147901,2.104162,0.0005164926,0.002157497303128371,0.0
domain_boundary_shell,Withheld domain boundaries,42,4,927,0.11148078292282916,0.13002199912338802,0.12510675662902668,0.22773554797180148,0.7563094,0.009902824,0.008489543,2.4781682,2.6506515,0.0007219779,0.0,0.0
