input_variable,error_metric,bin_lower,bin_upper,bin_center,mean,standard_deviation,count
temp_retort,trajectory_RMSE_C,120.0,122.0,121.0,0.46926572918891907,1.2651618719100952,149
temp_retort,trajectory_RMSE_C,122.0,124.0,123.0,0.3869287967681885,0.9473345279693604,171
temp_retort,trajectory_RMSE_C,124.0,126.0,125.0,0.35991623997688293,0.34815406799316406,170
temp_retort,trajectory_RMSE_C,126.0,128.0,127.0,0.5313950181007385,1.3267468214035034,143
temp_retort,trajectory_RMSE_C,128.0,130.0,129.0,0.5212442874908447,0.8276284337043762,173
temp_retort,trajectory_RMSE_C,130.0,132.0,131.0,0.7361762523651123,1.3308441638946533,158
temp_retort,trajectory_RMSE_C,132.0,134.0,133.0,0.5836225152015686,0.48507577180862427,150
temp_retort,trajectory_RMSE_C,134.0,136.0,135.0,0.44894593954086304,0.24318987131118774,153
temp_retort,trajectory_RMSE_C,136.0,138.0,137.0,0.4135843813419342,0.33876681327819824,142
temp_retort,trajectory_RMSE_C,138.0,140.0,139.0,0.7579104900360107,2.474698781967163,170
temp_retort,direct_logF_MAE,120.0,122.0,121.0,0.005686519201844931,0.005382849369198084,149
temp_retort,direct_logF_MAE,122.0,124.0,123.0,0.00393954012542963,0.004089393652975559,171
temp_retort,direct_logF_MAE,124.0,126.0,125.0,0.004180485848337412,0.004603521898388863,170
temp_retort,direct_logF_MAE,126.0,128.0,127.0,0.003939611837267876,0.003240369027480483,143
temp_retort,direct_logF_MAE,128.0,130.0,129.0,0.0036066600587219,0.0033207000233232975,173
temp_retort,direct_logF_MAE,130.0,132.0,131.0,0.00425016600638628,0.0038517771754413843,158
temp_retort,direct_logF_MAE,132.0,134.0,133.0,0.003837804077193141,0.0035031058359891176,150
temp_retort,direct_logF_MAE,134.0,136.0,135.0,0.003575596259906888,0.0033585508354008198,153
temp_retort,direct_logF_MAE,136.0,138.0,137.0,0.0035703342873603106,0.0033184527419507504,142
temp_retort,direct_logF_MAE,138.0,140.0,139.0,0.0036916998215019703,0.003398953704163432,170
time_heat,trajectory_RMSE_C,5.0,6.5,5.75,0.3544781804084778,0.17157118022441864,167
time_heat,trajectory_RMSE_C,6.5,8.0,7.25,0.3534274399280548,0.18069589138031006,157
time_heat,trajectory_RMSE_C,8.0,9.5,8.75,0.41983675956726074,0.2654917240142822,154
time_heat,trajectory_RMSE_C,9.5,11.0,10.25,0.5066292881965637,0.7608223557472229,151
time_heat,trajectory_RMSE_C,11.0,12.5,11.75,0.4894232153892517,0.9584679007530212,169
time_heat,trajectory_RMSE_C,12.5,14.0,13.25,0.6866875886917114,1.5078949928283691,166
time_heat,trajectory_RMSE_C,14.0,15.5,14.75,0.5602189302444458,2.0470829010009766,155
time_heat,trajectory_RMSE_C,15.5,17.0,16.25,0.627139687538147,1.4385610818862915,153
time_heat,trajectory_RMSE_C,17.0,18.5,17.75,0.5273292064666748,0.8707689642906189,155
time_heat,trajectory_RMSE_C,18.5,20.0,19.25,0.7005975246429443,1.7114338874816895,152
time_heat,direct_logF_MAE,5.0,6.5,5.75,0.006198447663336992,0.005869146436452866,167
time_heat,direct_logF_MAE,6.5,8.0,7.25,0.0051685175858438015,0.004467988386750221,157
time_heat,direct_logF_MAE,8.0,9.5,8.75,0.004310729447752237,0.00361385359428823,154
time_heat,direct_logF_MAE,9.5,11.0,10.25,0.004209012258797884,0.0037885589990764856,151
time_heat,direct_logF_MAE,11.0,12.5,11.75,0.004237233195453882,0.003462716471403837,169
time_heat,direct_logF_MAE,12.5,14.0,13.25,0.004221243783831596,0.004676722455769777,166
time_heat,direct_logF_MAE,14.0,15.5,14.75,0.0034319122787564993,0.002649176400154829,155
time_heat,direct_logF_MAE,15.5,17.0,16.25,0.003171314485371113,0.002630390925332904,153
time_heat,direct_logF_MAE,17.0,18.5,17.75,0.002598223276436329,0.0020312201231718063,155
time_heat,direct_logF_MAE,18.5,20.0,19.25,0.002401837380602956,0.0022233675699681044,152
time_cool,trajectory_RMSE_C,1.0,1.4,1.2,0.499489963054657,0.44899415969848633,148
time_cool,trajectory_RMSE_C,1.4,1.8,1.6,0.7047885060310364,1.8839378356933594,165
time_cool,trajectory_RMSE_C,1.8,2.2,2.0,0.5610452890396118,1.4271180629730225,140
time_cool,trajectory_RMSE_C,2.2,2.6,2.4000000000000004,0.4631117284297943,0.35735929012298584,153
time_cool,trajectory_RMSE_C,2.6,3.0,2.8,0.4851894676685333,0.8159402012825012,154
time_cool,trajectory_RMSE_C,3.0,3.4000000000000004,3.2,0.5061100721359253,0.938593327999115,188
time_cool,trajectory_RMSE_C,3.4000000000000004,3.8000000000000003,3.6000000000000005,0.4499751925468445,0.8526265025138855,148
time_cool,trajectory_RMSE_C,3.8000000000000003,4.2,4.0,0.5720522999763489,2.0571200847625732,156
time_cool,trajectory_RMSE_C,4.2,4.6,4.4,0.4812137484550476,0.8630357980728149,165
time_cool,trajectory_RMSE_C,4.6,5.0,4.8,0.48664188385009766,0.8050721883773804,162
time_cool,direct_logF_MAE,1.0,1.4,1.2,0.004203855525702238,0.0038164453580975533,148
time_cool,direct_logF_MAE,1.4,1.8,1.6,0.0038042652886360884,0.004031781572848558,165
time_cool,direct_logF_MAE,1.8,2.2,2.0,0.004916241392493248,0.0054877386428415775,140
time_cool,direct_logF_MAE,2.2,2.6,2.4000000000000004,0.003332986496388912,0.0035012387670576572,153
time_cool,direct_logF_MAE,2.6,3.0,2.8,0.004117547534406185,0.003991101868450642,154
time_cool,direct_logF_MAE,3.0,3.4000000000000004,3.2,0.003962262067943811,0.0030908514745533466,188
time_cool,direct_logF_MAE,3.4000000000000004,3.8000000000000003,3.6000000000000005,0.0036915154196321964,0.003257020143792033,148
time_cool,direct_logF_MAE,3.8000000000000003,4.2,4.0,0.0039334651082754135,0.0037486040964722633,156
time_cool,direct_logF_MAE,4.2,4.6,4.4,0.00401255814358592,0.0032877041958272457,165
time_cool,direct_logF_MAE,4.6,5.0,4.8,0.00431266613304615,0.0044534457847476006,162
